{
    "total_requests": 100,
    "successful_requests": 100,
    "failed_requests": 0,
    "average_time_per_request": 0.038156070709228516,
    "cpu_usage_percent": 6.698618470118878,
    "memory_usage_mb": 3.546875,
    "total_elapsed_time": 3.8156070709228516
}