{
    "total_requests": 100,
    "successful_requests": 100,
    "failed_requests": 0,
    "average_time_per_request": 0.08251073122024537,
    "cpu_usage_percent": 0.5829079355946714,
    "memory_usage_mb": 0.21875,
    "total_elapsed_time": 8.251073122024536
}