{
    "total_requests": 100,
    "successful_requests": 100,
    "failed_requests": 0,
    "average_time_per_request": 0.7429096794128418,
    "cpu_usage_percent": 1.188943733642154,
    "memory_usage_mb": 2.359375,
    "total_elapsed_time": 74.29096794128418
}