{
    "total_requests": 100,
    "successful_requests": 100,
    "failed_requests": 0,
    "average_time_per_request": 0.07059453010559082,
    "cpu_usage_percent": 7.219953829817115,
    "memory_usage_mb": 3.96875,
    "total_elapsed_time": 7.059453010559082
}